"group","model","scenario","delta","replicate","method","S","stat","pvalue","reject","train_seconds","eval_seconds","total_seconds"
"R","M1","M1",0,1,"Learned-prob-CNN-RFF",4,0.0049405591551781,0.2,0,0.97999999999999,0.0600000000000023,1.03999999999999
"R","M1","M1",0,1,"Base-RFF",0,0.0546114121836461,0.05,1,0,0.0199999999999818,0.0199999999999818
"R","M1","M1",0,1,"Align-energy-median-RFF",0,0.00313732608282091,0.3,0,0,0.0100000000000193,0.0100000000000193
"R","M1","M1",0,1,"Align-xcorr-RFF",0,-0.000109338911236323,0.4,0,0,0.159999999999997,0.159999999999997
"R","M1","M1",0,1,"Energy-prob-RFF",4,-0.00174930971893161,0.65,0,0,0.0499999999999829,0.0499999999999829
"R","M1","M1",0,2,"Learned-prob-CNN-RFF",4,0.00175817550081803,0.25,0,0.820000000000022,0.039999999999992,0.860000000000014
"R","M1","M1",0,2,"Base-RFF",0,0.0670865257199857,0.05,1,0,0.00999999999999091,0.00999999999999091
"R","M1","M1",0,2,"Align-energy-median-RFF",0,0.0188837970681885,0.1,0,0,0.0300000000000011,0.0300000000000011
"R","M1","M1",0,2,"Align-xcorr-RFF",0,0.0389256770720792,0.05,1,0,0.159999999999997,0.159999999999997
"R","M1","M1",0,2,"Energy-prob-RFF",4,0.00558364782372989,0.1,0,0,0.0100000000000193,0.0100000000000193
"R","M1","M1",0,3,"Learned-prob-CNN-RFF",4,0.00128028246952683,0.4,0,0.800000000000011,0.0300000000000011,0.830000000000013
"R","M1","M1",0,3,"Base-RFF",0,0.074430255781238,0.05,1,0,0,0
"R","M1","M1",0,3,"Align-energy-median-RFF",0,6.94752598895398e-05,0.45,0,0,0.00999999999999091,0.00999999999999091
"R","M1","M1",0,3,"Align-xcorr-RFF",0,0.000348979932159432,0.25,0,0,0.180000000000007,0.180000000000007
"R","M1","M1",0,3,"Energy-prob-RFF",4,0.000388190230965479,0.35,0,0,0.00999999999999091,0.00999999999999091
"R","M1","M1",0,4,"Learned-prob-CNN-RFF",4,-0.00355663627420166,0.6,0,0.830000000000013,0.0300000000000011,0.860000000000014
"R","M1","M1",0,4,"Base-RFF",0,0.0546487429479652,0.05,1,0,0.0199999999999818,0.0199999999999818
"R","M1","M1",0,4,"Align-energy-median-RFF",0,0.000899900610888738,0.4,0,0,0,0
"R","M1","M1",0,4,"Align-xcorr-RFF",0,-0.00605250125381307,1,0,0,0.150000000000006,0.150000000000006
"R","M1","M1",0,4,"Energy-prob-RFF",4,-0.00273950788065025,0.95,0,0,0.0300000000000011,0.0300000000000011
"R","M1","M1",0,5,"Learned-prob-CNN-RFF",4,0.00459497668959696,0.15,0,0.830000000000013,0.0300000000000011,0.860000000000014
"R","M1","M1",0,5,"Base-RFF",0,0.0826155556383985,0.05,1,0,0,0
"R","M1","M1",0,5,"Align-energy-median-RFF",0,-0.00397119394678014,0.65,0,0,0.0199999999999818,0.0199999999999818
"R","M1","M1",0,5,"Align-xcorr-RFF",0,-0.00328496285625235,0.6,0,0,0.140000000000015,0.140000000000015
"R","M1","M1",0,5,"Energy-prob-RFF",4,-0.00260602731244952,0.95,0,0,0.0499999999999829,0.0499999999999829
"R","M1","M1",0,6,"Learned-prob-CNN-RFF",4,0.00113734810872868,0.45,0,0.79000000000002,0.0300000000000011,0.820000000000022
"R","M1","M1",0,6,"Base-RFF",0,0.0916540875107348,0.05,1,0,0.0199999999999818,0.0199999999999818
"R","M1","M1",0,6,"Align-energy-median-RFF",0,-0.00165419200427896,0.55,0,0,0,0
"R","M1","M1",0,6,"Align-xcorr-RFF",0,-0.000753842609082511,0.6,0,0,0.170000000000016,0.170000000000016
"R","M1","M1",0,6,"Energy-prob-RFF",4,-0.000305409592386008,0.5,0,0,0.0199999999999818,0.0199999999999818
"R","M1","M1",0,7,"Learned-prob-CNN-RFF",4,0.015016372870555,0.15,0,0.819999999999993,0.0300000000000011,0.849999999999994
"R","M1","M1",0,7,"Base-RFF",0,0.0638901350208234,0.05,1,0,0.00999999999999091,0.00999999999999091
"R","M1","M1",0,7,"Align-energy-median-RFF",0,-0.00288320093838812,0.45,0,0,0,0
"R","M1","M1",0,7,"Align-xcorr-RFF",0,-0.00606747993333734,0.8,0,0,0.159999999999997,0.159999999999997
"R","M1","M1",0,7,"Energy-prob-RFF",4,0.00574269752847378,0.05,1,0,0.0300000000000011,0.0300000000000011
"R","M1","M1",0,8,"Learned-prob-CNN-RFF",4,0.00744237998650843,0.15,0,0.810000000000002,0.0200000000000102,0.830000000000013
"R","M1","M1",0,8,"Base-RFF",0,0.0744198587591844,0.05,1,0,0.00999999999999091,0.00999999999999091
"R","M1","M1",0,8,"Align-energy-median-RFF",0,0.016490337913164,0.2,0,0,0,0
"R","M1","M1",0,8,"Align-xcorr-RFF",0,0.0156884667092942,0.1,0,0,0.180000000000007,0.180000000000007
"R","M1","M1",0,8,"Energy-prob-RFF",4,0.00408791977306922,0.2,0,0,0.00999999999999091,0.00999999999999091
"R","M1","M1",0,9,"Learned-prob-CNN-RFF",4,-0.00269857463641632,0.95,0,0.810000000000002,0.0300000000000011,0.840000000000003
"R","M1","M1",0,9,"Base-RFF",0,0.0765900417802401,0.05,1,0,0.0199999999999818,0.0199999999999818
"R","M1","M1",0,9,"Align-energy-median-RFF",0,0.000362835303816533,0.35,0,0,0,0
"R","M1","M1",0,9,"Align-xcorr-RFF",0,-0.000620643529127829,0.45,0,0,0.150000000000006,0.150000000000006
"R","M1","M1",0,9,"Energy-prob-RFF",4,-5.08614908101279e-06,0.5,0,0,0.0200000000000102,0.0200000000000102
"R","M1","M1",0,10,"Learned-prob-CNN-RFF",4,-0.00843367535264505,0.85,0,0.810000000000002,0.0300000000000011,0.840000000000003
"R","M1","M1",0,10,"Base-RFF",0,0.1024415945871,0.05,1,0,0.0199999999999818,0.0199999999999818
"R","M1","M1",0,10,"Align-energy-median-RFF",0,-0.00466124768975962,0.65,0,0,0,0
"R","M1","M1",0,10,"Align-xcorr-RFF",0,0.00283873096988052,0.15,0,0,0.159999999999997,0.159999999999997
"R","M1","M1",0,10,"Energy-prob-RFF",4,-0.00118203345870893,0.6,0,0,0.0300000000000011,0.0300000000000011
"R","M1","M1",0,11,"Learned-prob-CNN-RFF",4,-0.00375934891774721,1,0,0.79000000000002,0.0300000000000011,0.820000000000022
"R","M1","M1",0,11,"Base-RFF",0,0.0617181279391328,0.05,1,0,0,0
"R","M1","M1",0,11,"Align-energy-median-RFF",0,-0.00830952128561657,0.95,0,0,0.0199999999999818,0.0199999999999818
"R","M1","M1",0,11,"Align-xcorr-RFF",0,-0.00888033802034682,0.95,0,0,0.159999999999997,0.159999999999997
"R","M1","M1",0,11,"Energy-prob-RFF",4,-0.00105188558210911,0.45,0,0,0.0100000000000193,0.0100000000000193
"R","M1","M1",0,12,"Learned-prob-CNN-RFF",4,-0.00336105690551447,0.9,0,0.810000000000002,0.0300000000000011,0.840000000000003
"R","M1","M1",0,12,"Base-RFF",0,0.0914876235296183,0.05,1,0,0,0
"R","M1","M1",0,12,"Align-energy-median-RFF",0,-0.00902157417963911,1,0,0,0.0200000000000102,0.0200000000000102
"R","M1","M1",0,12,"Align-xcorr-RFF",0,-0.00201772056527849,0.65,0,0,0.150000000000006,0.150000000000006
"R","M1","M1",0,12,"Energy-prob-RFF",4,-0.00095925317139689,0.5,0,0,0.0300000000000011,0.0300000000000011
"R","M1","M1",0,13,"Learned-prob-CNN-RFF",4,-0.0044938768836007,0.75,0,0.819999999999993,0.0300000000000011,0.849999999999994
"R","M1","M1",0,13,"Base-RFF",0,0.062883176148117,0.05,1,0,0,0
"R","M1","M1",0,13,"Align-energy-median-RFF",0,-0.00455477411982708,0.55,0,0,0.00999999999999091,0.00999999999999091
"R","M1","M1",0,13,"Align-xcorr-RFF",0,0.000253807314322341,0.5,0,0,0.180000000000007,0.180000000000007
"R","M1","M1",0,13,"Energy-prob-RFF",4,0.000252562481025898,0.4,0,0,0.00999999999999091,0.00999999999999091
"R","M1","M1",0,14,"Learned-prob-CNN-RFF",4,-0.00289900764409357,0.4,0,0.810000000000002,0.0500000000000114,0.860000000000014
"R","M1","M1",0,14,"Base-RFF",0,0.0687982001743308,0.05,1,0,0,0
"R","M1","M1",0,14,"Align-energy-median-RFF",0,0.00616444802009375,0.2,0,0,0.0199999999999818,0.0199999999999818
"R","M1","M1",0,14,"Align-xcorr-RFF",0,0.0043122123245809,0.3,0,0,0.150000000000006,0.150000000000006
"R","M1","M1",0,14,"Energy-prob-RFF",4,0.00246017190712244,0.2,0,0,0.0200000000000102,0.0200000000000102
"R","M1","M1",0,15,"Learned-prob-CNN-RFF",4,0.0047101430414298,0.25,0,0.840000000000003,0.0300000000000011,0.870000000000005
"R","M1","M1",0,15,"Base-RFF",0,0.120705397882431,0.05,1,0,0,0
"R","M1","M1",0,15,"Align-energy-median-RFF",0,-0.000247392610528419,0.3,0,0,0.0199999999999818,0.0199999999999818
"R","M1","M1",0,15,"Align-xcorr-RFF",0,-0.00220963341815583,0.5,0,0,0.170000000000016,0.170000000000016
"R","M1","M1",0,15,"Energy-prob-RFF",4,-0.00117292675390046,0.65,0,0,0.0199999999999818,0.0199999999999818
"R","M1","M1",0,16,"Learned-prob-CNN-RFF",4,-0.00374680060590538,0.65,0,0.799999999999983,0.0300000000000011,0.829999999999984
"R","M1","M1",0,16,"Base-RFF",0,0.0524648750677108,0.05,1,0,0.0200000000000102,0.0200000000000102
"R","M1","M1",0,16,"Align-energy-median-RFF",0,-0.00522270563163851,0.65,0,0,0.00999999999999091,0.00999999999999091
"R","M1","M1",0,16,"Align-xcorr-RFF",0,-0.00597541712861838,0.85,0,0,0.159999999999997,0.159999999999997
"R","M1","M1",0,16,"Energy-prob-RFF",4,7.42033367917561e-05,0.3,0,0,0.0100000000000193,0.0100000000000193
"R","M1","M1",0,17,"Learned-prob-CNN-RFF",4,0.00115374710899641,0.5,0,0.829999999999984,0.0200000000000102,0.849999999999994
"R","M1","M1",0,17,"Base-RFF",0,0.0608828800180283,0.05,1,0,0,0
"R","M1","M1",0,17,"Align-energy-median-RFF",0,0.0138208069486569,0.1,0,0,0.00999999999999091,0.00999999999999091
"R","M1","M1",0,17,"Align-xcorr-RFF",0,0.0053878824656064,0.2,0,0,0.170000000000016,0.170000000000016
"R","M1","M1",0,17,"Energy-prob-RFF",4,0.00337401554160199,0.15,0,0,0.0199999999999818,0.0199999999999818
"R","M1","M1",0,18,"Learned-prob-CNN-RFF",4,0.00797324643138442,0.05,1,0.810000000000002,0.0200000000000102,0.830000000000013
"R","M1","M1",0,18,"Base-RFF",0,0.0665651553101425,0.05,1,0,0.00999999999999091,0.00999999999999091
"R","M1","M1",0,18,"Align-energy-median-RFF",0,-0.00231065787900508,0.65,0,0,0,0
"R","M1","M1",0,18,"Align-xcorr-RFF",0,0.0346569887833184,0.05,1,0,0.180000000000007,0.180000000000007
"R","M1","M1",0,18,"Energy-prob-RFF",4,0.000248002248644408,0.4,0,0,0.00999999999999091,0.00999999999999091
"R","M1","M1",0,19,"Learned-prob-CNN-RFF",4,-0.00635435762729353,0.9,0,0.740000000000009,0.00999999999999091,0.75
"R","M1","M1",0,19,"Base-RFF",0,0.108936753617933,0.05,1,0,0,0
"R","M1","M1",0,19,"Align-energy-median-RFF",0,-0.0057958688497477,0.8,0,0,0.0200000000000102,0.0200000000000102
"R","M1","M1",0,19,"Align-xcorr-RFF",0,-0.0014556697063357,0.55,0,0,0.169999999999987,0.169999999999987
"R","M1","M1",0,19,"Energy-prob-RFF",4,0.00136865241685324,0.4,0,0,0.0100000000000193,0.0100000000000193
"R","M1","M1",0,20,"Learned-prob-CNN-RFF",4,-0.00712154331749182,0.95,0,0.719999999999999,0.0300000000000011,0.75
"R","M1","M1",0,20,"Base-RFF",0,0.110030084389412,0.05,1,0,0,0
"R","M1","M1",0,20,"Align-energy-median-RFF",0,-0.00891717238114098,0.9,0,0,0.0200000000000102,0.0200000000000102
"R","M1","M1",0,20,"Align-xcorr-RFF",0,-0.00627910119423425,0.8,0,0,0.169999999999987,0.169999999999987
"R","M1","M1",0,20,"Energy-prob-RFF",4,-0.0023725480652308,0.85,0,0,0.0100000000000193,0.0100000000000193
