"Group","Method","train_seconds","eval_seconds","total_seconds"
"Translation","Base",0,0.112291666666882,0.112291666666882
"Translation","Energy median",0,0.117083333333009,0.117083333333009
"Translation","Energy sampler",0,0.25374999999993,0.25374999999993
"Translation","Xcorr",0,0.300208333333179,0.300208333333179
"Translation","Learned",0.876458333333176,0.228958333333367,1.12229166666642
"Circle","Base",0,0.122708333333018,0.122708333333018
"Circle","Energy sampler",0,0.217499999999366,0.217499999999366
"Circle","Haar",0,0.218958333332694,0.218958333332694
"Circle","Xcorr",0,0.238749999999906,0.238749999999906
"Circle","Energy median",0,0.248958333333424,0.248958333333424
"Circle","Learned",0.417916666665709,0.161874999999554,0.581874999999476
"Affine","Base",0,0.146666666667291,0.146666666667291
"Affine","Wavelet max",0,0.166458333332533,0.166458333332533
"Affine","Wavelet sampler",0,0.371875000000273,0.371875000000273
"Affine","Xcorr",0,0.901666666667097,0.901666666667097
"Affine","Learned",2.2335416666665,0.305833333332733,2.54729166666721
