"scenario","delta","method","S","rejection_rate","mean_pvalue","mean_train_seconds","median_train_seconds","mean_eval_seconds","median_eval_seconds","mean_total_seconds","median_total_seconds","q05_total_seconds","q95_total_seconds","nrep"
"M1",0,"Affine-MovingChart-Wavelet-energy-prob",4,0.045,0.518083832335329,0,0,0.129700000000043,0.1299999999992,0.129700000000043,0.1299999999992,0.109999999999673,0.170000000000073,200
"M1",0,"Affine-MovingChart-Wavelet-energy-prob",8,0.035,0.510768463073852,0,0,0.153449999999998,0.149999999998727,0.153449999999998,0.149999999998727,0.119999999999891,0.199999999999841,200
"M1",0,"Affine-MovingChart-Wavelet-energy-prob",16,0.05,0.508183632734531,0,0,0.200300000000032,0.190000000000509,0.200300000000032,0.190000000000509,0.169999999999953,0.260500000000229,200
"M1",0,"Affine-MovingChart-Wavelet-energy-prob",32,0.045,0.50560878243513,0,0,0.294650000000091,0.279999999999745,0.294650000000091,0.279999999999745,0.25,0.390500000000338,200
"M1",0,"Align-wavelet-max-affine",0,0.05,0.509850299401198,0,0,0.10995000000003,0.109999999998763,0.10995000000003,0.109999999998763,0.089999999999668,0.140000000000327,200
"M1",0,"Align-xcorr-affine",0,0.03,0.513682634730539,0,0,0.709299999999922,0.680000000000291,0.709299999999922,0.680000000000291,0.639999999999981,0.850000000000364,200
"M1",0,"Base-RFF",0,0.585,0.113872255489022,0,0,0.101800000000029,0.0999999999994543,0.101800000000029,0.0999999999994543,0.0799999999999272,0.130500000000104,200
"M1",0,"Learned-Affine-GCNN-RFF",4,0.065,0.465868263473054,0.666200000000007,0.659999999999968,0.133799999999969,0.100000000000364,0.799999999999976,0.790000000001783,0.62949999999928,1.07100000000059,200
"M1",0,"Learned-Affine-GCNN-RFF",8,0.07,0.475079840319361,0.666200000000007,0.659999999999968,0.112500000000036,0.1099999999999,0.778700000000043,0.760000000000218,0.639999999999418,1.00000000000091,200
"M1",0,"Learned-Affine-GCNN-RFF",16,0.06,0.490928143712575,0.666200000000007,0.659999999999968,0.147049999999962,0.139999999999418,0.813249999999968,0.7999999999995,0.670000000000073,1.0205000000004,200
"M1",0,"Learned-Affine-GCNN-RFF",32,0.065,0.482594810379242,0.666200000000007,0.659999999999968,0.22054999999997,0.199999999999818,0.886749999999977,0.860000000000582,0.730000000001314,1.13000000000015,200
"M1",0.2,"Affine-MovingChart-Wavelet-energy-prob",4,0.085,0.438013972055888,0,0,0.133900000000016,0.1200000000008,0.133900000000016,0.1200000000008,0.109999999999954,0.170500000000038,200
"M1",0.2,"Affine-MovingChart-Wavelet-energy-prob",8,0.095,0.45251497005988,0,0,0.150749999999958,0.140000000001237,0.150749999999958,0.140000000001237,0.120000000000761,0.180500000000256,200
"M1",0.2,"Affine-MovingChart-Wavelet-energy-prob",16,0.1,0.473582834331337,0,0,0.199400000000018,0.190000000000055,0.199400000000018,0.190000000000055,0.169999999999595,0.26050000000107,200
"M1",0.2,"Affine-MovingChart-Wavelet-energy-prob",32,0.11,0.458273453093812,0,0,0.297200000000025,0.2800000000002,0.297200000000025,0.2800000000002,0.259999999998399,0.400000000000114,200
"M1",0.2,"Align-wavelet-max-affine",0,0.065,0.451357285429142,0,0,0.109049999999984,0.100000000000364,0.109049999999984,0.100000000000364,0.089999999999236,0.140500000000293,200
"M1",0.2,"Align-xcorr-affine",0,0.07,0.464241516966068,0,0,0.709750000000035,0.679999999999836,0.709750000000035,0.679999999999836,0.639999999999873,0.860000000000582,200
"M1",0.2,"Base-RFF",0,0.625,0.0959181636726547,0,0,0.102699999999977,0.0900000000001455,0.102699999999977,0.0900000000001455,0.0699999999999363,0.130000000000109,200
"M1",0.2,"Learned-Affine-GCNN-RFF",4,0.065,0.457465069860279,0.658799999999972,0.659999999999854,0.140799999999976,0.100000000000364,0.799599999999948,0.790000000000873,0.639999999999418,1.00050000000001,200
"M1",0.2,"Learned-Affine-GCNN-RFF",8,0.07,0.460079840319361,0.658799999999972,0.659999999999854,0.116850000000065,0.110000000000582,0.775650000000037,0.769999999999982,0.640000000000327,0.980500000000393,200
"M1",0.2,"Learned-Affine-GCNN-RFF",16,0.085,0.453602794411178,0.658799999999972,0.659999999999854,0.151899999999991,0.139999999999873,0.810699999999963,0.799999999999727,0.670000000000073,1.0300000000002,200
"M1",0.2,"Learned-Affine-GCNN-RFF",32,0.09,0.454231536926148,0.658799999999972,0.659999999999854,0.218950000000019,0.2000000000005,0.877749999999991,0.864999999999782,0.729999999999563,1.10000000000036,200
"M1",0.4,"Affine-MovingChart-Wavelet-energy-prob",4,0.105,0.425728542914172,0,0,0.131549999999946,0.1299999999992,0.131549999999946,0.1299999999992,0.109999999999673,0.170000000000073,200
"M1",0.4,"Affine-MovingChart-Wavelet-energy-prob",8,0.15,0.409900199600798,0,0,0.154350000000059,0.149999999997817,0.154350000000059,0.149999999997817,0.120000000000005,0.200500000000687,200
"M1",0.4,"Affine-MovingChart-Wavelet-energy-prob",16,0.15,0.368213572854291,0,0,0.19999999999997,0.190000000000509,0.19999999999997,0.190000000000509,0.169499999998345,0.260500000001093,200
"M1",0.4,"Affine-MovingChart-Wavelet-energy-prob",32,0.145,0.359730538922156,0,0,0.300849999999958,0.280000000000655,0.300849999999958,0.280000000000655,0.25,0.420500000000084,200
"M1",0.4,"Align-wavelet-max-affine",0,0.09,0.391147704590818,0,0,0.108400000000025,0.100000000000364,0.108400000000025,0.100000000000364,0.0899999999996908,0.140000000000327,200
"M1",0.4,"Align-xcorr-affine",0,0.155,0.36749500998004,0,0,0.710550000000047,0.680000000000291,0.710550000000047,0.680000000000291,0.620000000000005,0.859999999999673,200
"M1",0.4,"Base-RFF",0,0.55,0.113263473053892,0,0,0.100549999999947,0.0999999999985448,0.100549999999947,0.0999999999985448,0.0799999999999272,0.130000000000109,200
"M1",0.4,"Learned-Affine-GCNN-RFF",4,0.11,0.424800399201597,0.670350000000005,0.674999999999272,0.129850000000002,0.100000000000364,0.800200000000007,0.790000000000873,0.630000000000973,0.979999999999609,200
"M1",0.4,"Learned-Affine-GCNN-RFF",8,0.12,0.429700598802395,0.670350000000005,0.674999999999272,0.113700000000005,0.110000000000127,0.78405000000001,0.789999999999054,0.640000000000311,0.980000000000473,200
"M1",0.4,"Learned-Affine-GCNN-RFF",16,0.125,0.410568862275449,0.670350000000005,0.674999999999272,0.148399999999974,0.139999999999418,0.818749999999979,0.8149999999996,0.670000000001801,1.02000000000044,200
"M1",0.4,"Learned-Affine-GCNN-RFF",32,0.135,0.41684630738523,0.670350000000005,0.674999999999272,0.220750000000034,0.200000000000045,0.891100000000039,0.88999999999993,0.729999999997744,1.11050000000057,200
"M1",0.6,"Affine-MovingChart-Wavelet-energy-prob",4,0.22,0.337804391217565,0,0,0.131399999999925,0.1299999999992,0.131399999999925,0.1299999999992,0.109999999999673,0.169999999999641,200
"M1",0.6,"Affine-MovingChart-Wavelet-energy-prob",8,0.265,0.244291417165669,0,0,0.154699999999968,0.140000000001237,0.154699999999968,0.140000000001237,0.119999999999891,0.210000000000082,200
"M1",0.6,"Affine-MovingChart-Wavelet-energy-prob",16,0.275,0.256027944111776,0,0,0.194699999999962,0.18999999999869,0.194699999999962,0.18999999999869,0.169999999998254,0.250499999999965,200
"M1",0.6,"Affine-MovingChart-Wavelet-energy-prob",32,0.315,0.237225548902196,0,0,0.295049999999943,0.279999999999973,0.295049999999943,0.279999999999973,0.25,0.381500000000141,200
"M1",0.6,"Align-wavelet-max-affine",0,0.155,0.312644710578842,0,0,0.110549999999951,0.109999999998763,0.110549999999951,0.109999999998763,0.0899999999996908,0.140500000000315,200
"M1",0.6,"Align-xcorr-affine",0,0.265,0.229770459081836,0,0,0.703050000000098,0.670000000000073,0.703050000000098,0.670000000000073,0.630000000000104,0.859999999998808,200
"M1",0.6,"Base-RFF",0,0.58,0.10501996007984,0,0,0.0988000000000189,0.0900000000001455,0.0988000000000189,0.0900000000001455,0.0799999999999272,0.130000000000109,200
"M1",0.6,"Learned-Affine-GCNN-RFF",4,0.155,0.352584830339321,0.661949999999968,0.660000000000025,0.139500000000023,0.109999999998763,0.801449999999992,0.809999999999491,0.630000000000973,0.979999999999563,200
"M1",0.6,"Learned-Affine-GCNN-RFF",8,0.195,0.342185628742515,0.661949999999968,0.660000000000025,0.117550000000044,0.110000000000582,0.779500000000012,0.775000000000091,0.63999999999985,0.980000000000041,200
"M1",0.6,"Learned-Affine-GCNN-RFF",16,0.17,0.333483033932136,0.661949999999968,0.660000000000025,0.152449999999912,0.139999999999418,0.81439999999988,0.809999999999491,0.669999999998254,1.01999999999955,200
"M1",0.6,"Learned-Affine-GCNN-RFF",32,0.185,0.334710578842315,0.661949999999968,0.660000000000025,0.22205000000004,0.200000000000728,0.884000000000009,0.880000000000564,0.729499999997915,1.09999999999945,200
"M1",0.8,"Affine-MovingChart-Wavelet-energy-prob",4,0.465,0.17935129740519,0,0,0.13654999999997,0.1299999999992,0.13654999999997,0.1299999999992,0.109999999999954,0.220000000000027,200
"M1",0.8,"Affine-MovingChart-Wavelet-energy-prob",8,0.505,0.155069860279441,0,0,0.152750000000048,0.149999999998272,0.152750000000048,0.149999999998272,0.119999999999891,0.200500000000647,200
"M1",0.8,"Affine-MovingChart-Wavelet-energy-prob",16,0.63,0.115938123752495,0,0,0.199200000000048,0.190000000000509,0.199200000000048,0.190000000000509,0.169499999999965,0.259999999999354,200
"M1",0.8,"Affine-MovingChart-Wavelet-energy-prob",32,0.62,0.119121756487026,0,0,0.294799999999968,0.280000000000086,0.294799999999968,0.280000000000086,0.25,0.400499999998783,200
"M1",0.8,"Align-wavelet-max-affine",0,0.335,0.178263473053892,0,0,0.115749999999991,0.109999999998763,0.115749999999991,0.109999999998763,0.0899999999999181,0.230499999999574,200
"M1",0.8,"Align-xcorr-affine",0,0.53,0.131616766467066,0,0,0.701950000000001,0.670000000000073,0.701950000000001,0.670000000000073,0.639499999999447,0.850500000000284,200
"M1",0.8,"Base-RFF",0,0.62,0.0871956087824351,0,0,0.100550000000047,0.0900000000001455,0.100550000000047,0.0900000000001455,0.0799999999999272,0.140000000000327,200
"M1",0.8,"Learned-Affine-GCNN-RFF",4,0.315,0.228582834331337,0.657250000000033,0.654999999999973,0.131300000000021,0.100000000000364,0.788550000000055,0.790000000000873,0.630000000000973,0.960500000000957,200
"M1",0.8,"Learned-Affine-GCNN-RFF",8,0.335,0.222554890219561,0.657250000000033,0.654999999999973,0.112699999999971,0.109999999999999,0.769950000000004,0.754999999999882,0.640000000001237,0.980500000000438,200
"M1",0.8,"Learned-Affine-GCNN-RFF",16,0.335,0.206516966067864,0.657250000000033,0.654999999999973,0.147499999999995,0.139999999999418,0.804750000000028,0.799999999999727,0.670000000000073,1.0205000000004,200
"M1",0.8,"Learned-Affine-GCNN-RFF",32,0.365,0.212075848303393,0.657250000000033,0.654999999999973,0.219299999999984,0.199999999999818,0.876550000000018,0.8599999999999,0.720000000001164,1.1105000000005,200
"M1",1,"Affine-MovingChart-Wavelet-energy-prob",4,0.58,0.11815369261477,0,0,0.134099999999952,0.1299999999992,0.134099999999952,0.1299999999992,0.109999999999673,0.170000000000073,200
"M1",1,"Affine-MovingChart-Wavelet-energy-prob",8,0.675,0.0816566866267465,0,0,0.156250000000051,0.149999999999636,0.156250000000051,0.149999999999636,0.119999999999999,0.210500000000866,200
"M1",1,"Affine-MovingChart-Wavelet-energy-prob",16,0.725,0.0685429141716567,0,0,0.201500000000036,0.190000000000509,0.201500000000036,0.190000000000509,0.169999999999959,0.290499999999963,200
"M1",1,"Affine-MovingChart-Wavelet-energy-prob",32,0.735,0.0654091816367265,0,0,0.297249999999985,0.280000000000655,0.297249999999985,0.280000000000655,0.25,0.410500000000684,200
"M1",1,"Align-wavelet-max-affine",0,0.465,0.131916167664671,0,0,0.108599999999987,0.100000000000364,0.108599999999987,0.100000000000364,0.0899999999991906,0.140000000000327,200
"M1",1,"Align-xcorr-affine",0,0.73,0.0745409181636727,0,0,0.710950000000048,0.680000000000291,0.710950000000048,0.680000000000291,0.639499999999447,0.879999999999245,200
"M1",1,"Base-RFF",0,0.665,0.0909181636726547,0,0,0.100949999999973,0.0900000000001455,0.100949999999973,0.0900000000001455,0.0799999999999272,0.130000000000109,200
"M1",1,"Learned-Affine-GCNN-RFF",4,0.45,0.171037924151697,0.66604999999992,0.660000000000309,0.129050000000011,0.100000000000364,0.795099999999931,0.789999999999054,0.649499999999716,0.990499999999792,200
"M1",1,"Learned-Affine-GCNN-RFF",8,0.525,0.148193612774451,0.66604999999992,0.660000000000309,0.114400000000009,0.110000000000127,0.780449999999929,0.770000000000437,0.649999999999636,0.990000000000691,200
"M1",1,"Learned-Affine-GCNN-RFF",16,0.505,0.141187624750499,0.66604999999992,0.660000000000309,0.154399999999961,0.139999999999418,0.820449999999881,0.81999999999789,0.670000000001801,1.03000000000075,200
"M1",1,"Learned-Affine-GCNN-RFF",32,0.535,0.136816367265469,0.66604999999992,0.660000000000309,0.218350000000095,0.200000000000728,0.884400000000015,0.869999999999891,0.739999999999782,1.1099999999997,200
"M2",0,"Affine-MovingChart-Wavelet-energy-prob",4,0.065,0.484291417165669,0,0,0.13305,0.1299999999992,0.13305,0.1299999999992,0.109999999999673,0.179999999999404,200
"M2",0,"Affine-MovingChart-Wavelet-energy-prob",8,0.045,0.498293413173653,0,0,0.155299999999929,0.14999999999975,0.155299999999929,0.14999999999975,0.119999999999891,0.200000000000296,200
"M2",0,"Affine-MovingChart-Wavelet-energy-prob",16,0.045,0.480898203592814,0,0,0.201850000000001,0.190000000000396,0.201850000000001,0.190000000000396,0.169999999999845,0.290499999999963,200
"M2",0,"Affine-MovingChart-Wavelet-energy-prob",32,0.035,0.48750499001996,0,0,0.295199999999957,0.280000000000427,0.295199999999957,0.280000000000427,0.25,0.429999999998563,200
"M2",0,"Align-wavelet-max-affine",0,0.07,0.479740518962076,0,0,0.108449999999971,0.109999999998763,0.108449999999971,0.109999999998763,0.089999999999236,0.140000000000327,200
"M2",0,"Align-xcorr-affine",0,0.055,0.481287425149701,0,0,0.703250000000012,0.670000000000073,0.703250000000012,0.670000000000073,0.63999999999985,0.850500000000284,200
"M2",0,"Base-RFF",0,0.8,0.0369860279441118,0,0,0.101700000000007,0.0900000000001455,0.101700000000007,0.0900000000001455,0.0799999999999272,0.130000000000109,200
"M2",0,"Learned-Affine-GCNN-RFF",4,0.05,0.490748502994012,0.667650000000001,0.670000000000073,0.135449999999998,0.100000000000364,0.803099999999999,0.800000000000125,0.649999999999636,1.00100000000002,200
"M2",0,"Learned-Affine-GCNN-RFF",8,0.06,0.4675249500998,0.667650000000001,0.670000000000073,0.115849999999972,0.110000000000127,0.783499999999973,0.769999999999982,0.649999999999636,0.989999999999804,200
"M2",0,"Learned-Affine-GCNN-RFF",16,0.06,0.500319361277445,0.667650000000001,0.670000000000073,0.148849999999982,0.139999999999873,0.816499999999983,0.809999999999036,0.680000000000291,1.02000000000044,200
"M2",0,"Learned-Affine-GCNN-RFF",32,0.04,0.488942115768463,0.667650000000001,0.670000000000073,0.22244999999999,0.199999999999818,0.89009999999999,0.8799999999992,0.739999999999736,1.11050000000012,200
"M2",0.2,"Affine-MovingChart-Wavelet-energy-prob",4,0.04,0.495788423153693,0,0,0.13125000000007,0.1299999999992,0.13125000000007,0.1299999999992,0.109999999999673,0.170000000000073,200
"M2",0.2,"Affine-MovingChart-Wavelet-energy-prob",8,0.06,0.46186626746507,0,0,0.151649999999944,0.140000000001237,0.151649999999944,0.140000000001237,0.119999999999891,0.190000000000509,200
"M2",0.2,"Affine-MovingChart-Wavelet-energy-prob",16,0.075,0.448912175648703,0,0,0.195550000000062,0.190000000000055,0.195550000000062,0.190000000000055,0.170000000000073,0.25,200
"M2",0.2,"Affine-MovingChart-Wavelet-energy-prob",32,0.065,0.424171656686627,0,0,0.291600000000012,0.279999999999973,0.291600000000012,0.279999999999973,0.25,0.380500000000097,200
"M2",0.2,"Align-wavelet-max-affine",0,0.06,0.475538922155689,0,0,0.108000000000005,0.100000000000364,0.108000000000005,0.100000000000364,0.0899999999999181,0.139999999999895,200
"M2",0.2,"Align-xcorr-affine",0,0.05,0.47002994011976,0,0,0.703949999999951,0.670000000000073,0.703949999999951,0.670000000000073,0.62999999999999,0.860499999999729,200
"M2",0.2,"Base-RFF",0,0.83,0.0325748502994012,0,0,0.102849999999985,0.0900000000001455,0.102849999999985,0.0900000000001455,0.0799999999999272,0.140999999999439,200
"M2",0.2,"Learned-Affine-GCNN-RFF",4,0.065,0.481536926147705,0.657700000000025,0.650000000000091,0.134599999999972,0.100000000000364,0.792299999999996,0.789999999999054,0.630000000000109,1.03199999999979,200
"M2",0.2,"Learned-Affine-GCNN-RFF",8,0.065,0.500788423153693,0.657700000000025,0.650000000000091,0.115900000000039,0.110000000000127,0.773600000000064,0.759999999999764,0.640000000000096,0.980500000000438,200
"M2",0.2,"Learned-Affine-GCNN-RFF",16,0.055,0.454820359281437,0.657700000000025,0.650000000000091,0.150499999999987,0.139999999999418,0.808200000000012,0.809999999999718,0.659999999999989,1.02050000000045,200
"M2",0.2,"Learned-Affine-GCNN-RFF",32,0.07,0.455349301397206,0.657700000000025,0.650000000000091,0.221049999999989,0.199999999999818,0.878750000000014,0.865000000000009,0.720000000000243,1.11000000000058,200
"M2",0.4,"Affine-MovingChart-Wavelet-energy-prob",4,0.08,0.42062874251497,0,0,0.130800000000012,0.1299999999992,0.130800000000012,0.1299999999992,0.109999999999673,0.170000000000073,200
"M2",0.4,"Affine-MovingChart-Wavelet-energy-prob",8,0.11,0.406387225548902,0,0,0.153550000000014,0.140000000001237,0.153550000000014,0.140000000001237,0.119999999999845,0.210500000000024,200
"M2",0.4,"Affine-MovingChart-Wavelet-energy-prob",16,0.105,0.344750499001996,0,0,0.200200000000027,0.190000000000055,0.200200000000027,0.190000000000055,0.169999999999959,0.3100000000004,200
"M2",0.4,"Affine-MovingChart-Wavelet-energy-prob",32,0.09,0.347734530938124,0,0,0.291800000000018,0.279999999999291,0.291800000000018,0.279999999999291,0.25,0.380500000000097,200
"M2",0.4,"Align-wavelet-max-affine",0,0.09,0.408093812375249,0,0,0.110300000000022,0.109999999998763,0.110300000000022,0.109999999998763,0.0899999999999181,0.140000000000327,200
"M2",0.4,"Align-xcorr-affine",0,0.075,0.396786427145709,0,0,0.707099999999997,0.670000000000073,0.707099999999997,0.670000000000073,0.63999999999985,0.869999999999027,200
"M2",0.4,"Base-RFF",0,0.855,0.0268862275449102,0,0,0.101499999999947,0.0900000000001455,0.101499999999947,0.0900000000001455,0.0799999999999272,0.130500000000938,200
"M2",0.4,"Learned-Affine-GCNN-RFF",4,0.105,0.39438123752495,0.663400000000052,0.659999999999854,0.132649999999997,0.100000000000364,0.796050000000049,0.7800000000002,0.639499999999498,1.08999999999924,200
"M2",0.4,"Learned-Affine-GCNN-RFF",8,0.145,0.381487025948104,0.663400000000052,0.659999999999854,0.114950000000048,0.110000000000127,0.7783500000001,0.760000000000218,0.640000000001237,1,200
"M2",0.4,"Learned-Affine-GCNN-RFF",16,0.13,0.361576846307385,0.663400000000052,0.659999999999854,0.153049999999937,0.139999999999418,0.816449999999989,0.810000000000173,0.670000000000073,1.04049999999993,200
"M2",0.4,"Learned-Affine-GCNN-RFF",32,0.14,0.369630738522954,0.663400000000052,0.659999999999854,0.22180000000002,0.200000000000017,0.885200000000072,0.8799999999992,0.729999999999563,1.11999999999994,200
"M2",0.6,"Affine-MovingChart-Wavelet-energy-prob",4,0.13,0.343303393213573,0,0,0.132849999999968,0.1299999999992,0.132849999999968,0.1299999999992,0.109999999999627,0.170000000000073,200
"M2",0.6,"Affine-MovingChart-Wavelet-energy-prob",8,0.16,0.250039920159681,0,0,0.152199999999998,0.140000000001237,0.152199999999998,0.140000000001237,0.119999999999891,0.200500000000647,200
"M2",0.6,"Affine-MovingChart-Wavelet-energy-prob",16,0.175,0.209690618762475,0,0,0.201150000000034,0.190000000000055,0.201150000000034,0.190000000000055,0.169499999998379,0.281000000000199,200
"M2",0.6,"Affine-MovingChart-Wavelet-energy-prob",32,0.21,0.18372255489022,0,0,0.289799999999955,0.270000000000437,0.289799999999955,0.270000000000437,0.25,0.380000000000109,200
"M2",0.6,"Align-wavelet-max-affine",0,0.105,0.278023952095808,0,0,0.110250000000087,0.109999999998763,0.110250000000087,0.109999999998763,0.0899999999999181,0.140000000000327,200
"M2",0.6,"Align-xcorr-affine",0,0.155,0.260698602794411,0,0,0.708649999999947,0.670000000000073,0.708649999999947,0.670000000000073,0.630000000000109,0.86000000000015,200
"M2",0.6,"Base-RFF",0,0.81,0.032874251497006,0,0,0.100649999999997,0.0900000000001455,0.100649999999997,0.0900000000001455,0.0799999999999272,0.130000000000109,200
"M2",0.6,"Learned-Affine-GCNN-RFF",4,0.295,0.237824351297405,0.664799999999963,0.670000000000073,0.136850000000043,0.100000000000364,0.801650000000006,0.799999999999272,0.639999999999418,0.980000000000473,200
"M2",0.6,"Learned-Affine-GCNN-RFF",8,0.33,0.223323353293413,0.664799999999963,0.670000000000073,0.113849999999968,0.109999999999673,0.778649999999931,0.779999999999745,0.640000000000282,0.980500000000393,200
"M2",0.6,"Learned-Affine-GCNN-RFF",16,0.355,0.206147704590818,0.664799999999963,0.670000000000073,0.14710000000003,0.139999999999418,0.811899999999993,0.800000000000182,0.670000000001846,1.03999999999996,200
"M2",0.6,"Learned-Affine-GCNN-RFF",32,0.355,0.179311377245509,0.664799999999963,0.670000000000073,0.221149999999977,0.199999999999818,0.88594999999994,0.880000000001019,0.729999999999563,1.10999999999881,200
"M2",0.8,"Affine-MovingChart-Wavelet-energy-prob",4,0.225,0.236337325349301,0,0,0.131850000000065,0.1299999999992,0.131850000000065,0.1299999999992,0.109999999999673,0.170500000000038,200
"M2",0.8,"Affine-MovingChart-Wavelet-energy-prob",8,0.36,0.15997005988024,0,0,0.154399999999921,0.140000000001237,0.154399999999921,0.140000000001237,0.119999999999891,0.219999999999379,200
"M2",0.8,"Affine-MovingChart-Wavelet-energy-prob",16,0.36,0.115928143712575,0,0,0.201750000000046,0.190000000000509,0.201750000000046,0.190000000000509,0.160000000000082,0.309999999999513,200
"M2",0.8,"Affine-MovingChart-Wavelet-energy-prob",32,0.43,0.0983532934131737,0,0,0.287699999999988,0.270000000000437,0.287699999999988,0.270000000000437,0.25,0.37050000000072,200
"M2",0.8,"Align-wavelet-max-affine",0,0.15,0.186447105788423,0,0,0.112750000000042,0.100000000000364,0.112750000000042,0.100000000000364,0.0899999999991906,0.170000000000073,200
"M2",0.8,"Align-xcorr-affine",0,0.225,0.178253493013972,0,0,0.699849999999963,0.670000000000073,0.699849999999963,0.670000000000073,0.629999999999995,0.889999999999895,200
"M2",0.8,"Base-RFF",0,0.79,0.0400399201596806,0,0,0.100549999999935,0.0900000000001455,0.100549999999935,0.0900000000001455,0.0799999999999272,0.139999999999418,200
"M2",0.8,"Learned-Affine-GCNN-RFF",4,0.55,0.0953892215568862,0.664149999999988,0.66000000000038,0.137050000000011,0.109999999998763,0.801199999999999,0.799999999999272,0.639499999999498,0.980000000000041,200
"M2",0.8,"Learned-Affine-GCNN-RFF",8,0.595,0.0854590818363273,0.664149999999988,0.66000000000038,0.117349999999999,0.110000000000127,0.781499999999987,0.779999999999745,0.639999999999418,1,200
"M2",0.8,"Learned-Affine-GCNN-RFF",16,0.635,0.0723153692614771,0.664149999999988,0.66000000000038,0.146599999999943,0.139999999999418,0.810749999999931,0.810000000000286,0.659999999999854,1.02999999999975,200
"M2",0.8,"Learned-Affine-GCNN-RFF",32,0.65,0.0677245508982036,0.664149999999988,0.66000000000038,0.227950000000031,0.199999999999818,0.892100000000019,0.880000000000564,0.720000000000255,1.12999999999925,200
"M2",1,"Affine-MovingChart-Wavelet-energy-prob",4,0.44,0.13249500998004,0,0,0.134749999999977,0.1299999999992,0.134749999999977,0.1299999999992,0.109999999999889,0.170000000000073,200
"M2",1,"Affine-MovingChart-Wavelet-energy-prob",8,0.595,0.0727245508982036,0,0,0.153450000000006,0.149999999999636,0.153450000000006,0.149999999999636,0.119999999999891,0.190500000000429,200
"M2",1,"Affine-MovingChart-Wavelet-energy-prob",16,0.81,0.0364171656686627,0,0,0.199299999999931,0.190000000000055,0.199299999999931,0.190000000000055,0.169999999999618,0.259999999999775,200
"M2",1,"Affine-MovingChart-Wavelet-energy-prob",32,0.82,0.0303393213572854,0,0,0.296649999999974,0.280000000000655,0.296649999999974,0.280000000000655,0.259499999999343,0.401000000000476,200
"M2",1,"Align-wavelet-max-affine",0,0.37,0.101536926147705,0,0,0.109850000000019,0.100000000000364,0.109850000000019,0.100000000000364,0.089999999999236,0.140500000000338,200
"M2",1,"Align-xcorr-affine",0,0.595,0.0639221556886228,0,0,0.701300000000024,0.679999999999382,0.701300000000024,0.679999999999382,0.639999999999873,0.850000000000364,200
"M2",1,"Base-RFF",0,0.78,0.0360079840319361,0,0,0.105399999999975,0.0999999999985448,0.105399999999975,0.0999999999985448,0.0799999999999272,0.142500000001177,200
"M2",1,"Learned-Affine-GCNN-RFF",4,0.83,0.0270658682634731,0.670550000000033,0.67000000000003,0.131500000000019,0.100000000000364,0.802050000000052,0.790000000000873,0.630000000000109,1.00350000000003,200
"M2",1,"Learned-Affine-GCNN-RFF",8,0.895,0.0159481037924152,0.670550000000033,0.67000000000003,0.116499999999941,0.11000000000007,0.787049999999974,0.779999999999873,0.649999999999636,0.990000000000259,200
"M2",1,"Learned-Affine-GCNN-RFF",16,0.93,0.0133433133732535,0.670550000000033,0.67000000000003,0.148400000000064,0.139999999999418,0.818950000000097,0.8100000000004,0.669999999999982,1.02999999999888,200
"M2",1,"Learned-Affine-GCNN-RFF",32,0.96,0.011377245508982,0.670550000000033,0.67000000000003,0.219849999999988,0.199999999999818,0.89040000000002,0.889999999999418,0.729999999999888,1.10050000000033,200
"M3",0,"Affine-MovingChart-Wavelet-energy-prob",4,0.045,0.461017964071856,0,0,0.139050000000071,0.129999999999654,0.139050000000071,0.129999999999654,0.1099999999999,0.240500000000224,200
"M3",0,"Affine-MovingChart-Wavelet-energy-prob",8,0.075,0.464880239520958,0,0,0.154599999999885,0.149999999999636,0.154599999999885,0.149999999999636,0.119999999999891,0.200500000000693,200
"M3",0,"Affine-MovingChart-Wavelet-energy-prob",16,0.095,0.462165668662675,0,0,0.20300000000003,0.190000000000509,0.20300000000003,0.190000000000509,0.170000000000073,0.32049999999972,200
"M3",0,"Affine-MovingChart-Wavelet-energy-prob",32,0.08,0.475938123752495,0,0,0.298949999999999,0.2800000000002,0.298949999999999,0.2800000000002,0.25,0.439999999998736,200
"M3",0,"Align-wavelet-max-affine",0,0.1,0.492145708582834,0,0,0.10914999999998,0.109999999998763,0.10914999999998,0.109999999998763,0.0899999999983265,0.140000000000327,200
"M3",0,"Align-xcorr-affine",0,0.1,0.488383233532934,0,0,0.705899999999987,0.680000000000177,0.705899999999987,0.680000000000177,0.639999999999873,0.859999999999718,200
"M3",0,"Base-RFF",0,0.455,0.11935129740519,0,0,0.0984999999999829,0.0900000000001455,0.0984999999999829,0.0900000000001455,0.0799999999999272,0.130000000000109,200
"M3",0,"Learned-Affine-GCNN-RFF",4,0.065,0.502574850299401,0.660950000000035,0.669999999999163,0.144049999999955,0.109999999999673,0.80499999999999,0.800000000001091,0.639999999999418,0.990499999999792,200
"M3",0,"Learned-Affine-GCNN-RFF",8,0.05,0.480309381237525,0.660950000000035,0.669999999999163,0.114099999999943,0.1099999999999,0.775049999999978,0.770000000000209,0.63999999999985,0.980499999999961,200
"M3",0,"Learned-Affine-GCNN-RFF",16,0.065,0.464520958083832,0.660950000000035,0.669999999999163,0.15155000000006,0.139999999999873,0.812500000000095,0.819999999999254,0.670000000000061,1.02000000000044,200
"M3",0,"Learned-Affine-GCNN-RFF",32,0.07,0.502095808383234,0.660950000000035,0.669999999999163,0.215949999999995,0.199999999999818,0.876900000000031,0.869999999998981,0.729999999999779,1.10999999999972,200
"M3",0.2,"Affine-MovingChart-Wavelet-energy-prob",4,0.05,0.516786427145709,0,0,0.130849999999974,0.1299999999992,0.130849999999974,0.1299999999992,0.109999999999673,0.170000000000073,200
"M3",0.2,"Affine-MovingChart-Wavelet-energy-prob",8,0.08,0.49809381237525,0,0,0.156099999999983,0.149999999999636,0.156099999999983,0.149999999999636,0.119999999999999,0.210000000000036,200
"M3",0.2,"Affine-MovingChart-Wavelet-energy-prob",16,0.065,0.503552894211577,0,0,0.198449999999921,0.190000000000509,0.198449999999921,0.190000000000509,0.169999999999834,0.25,200
"M3",0.2,"Affine-MovingChart-Wavelet-energy-prob",32,0.075,0.490798403193613,0,0,0.300149999999899,0.280000000000655,0.300149999999899,0.280000000000655,0.25,0.440499999998747,200
"M3",0.2,"Align-wavelet-max-affine",0,0.045,0.500718562874252,0,0,0.110800000000041,0.109999999999673,0.110800000000041,0.109999999999673,0.0899999999996908,0.140500000000293,200
"M3",0.2,"Align-xcorr-affine",0,0.065,0.46372255489022,0,0,0.702350000000032,0.670000000000073,0.702350000000032,0.670000000000073,0.630000000000103,0.850500000000329,200
"M3",0.2,"Base-RFF",0,0.445,0.12124750499002,0,0,0.105249999999948,0.0900000000001455,0.105249999999948,0.0900000000001455,0.0799999999999272,0.25,200
"M3",0.2,"Learned-Affine-GCNN-RFF",4,0.04,0.481457085828343,0.671699999999955,0.670000000000073,0.130650000000035,0.100000000000364,0.80234999999999,0.795000000000073,0.639499999999498,0.989999999999782,200
"M3",0.2,"Learned-Affine-GCNN-RFF",8,0.055,0.502614770459082,0.671699999999955,0.670000000000073,0.113450000000002,0.110000000000127,0.785149999999957,0.779999999999745,0.649999999999636,0.980000000000473,200
"M3",0.2,"Learned-Affine-GCNN-RFF",16,0.065,0.491976047904192,0.671699999999955,0.670000000000073,0.146299999999995,0.139999999999418,0.81799999999995,0.8100000000004,0.670000000001801,1.02999999999975,200
"M3",0.2,"Learned-Affine-GCNN-RFF",32,0.055,0.471636726546906,0.671699999999955,0.670000000000073,0.228649999999955,0.200000000000728,0.90034999999991,0.899999999999636,0.739999999999691,1.09999999999945,200
"M3",0.4,"Affine-MovingChart-Wavelet-energy-prob",4,0.065,0.487275449101796,0,0,0.131849999999981,0.1200000000008,0.131849999999981,0.1200000000008,0.109999999999673,0.179999999999859,200
"M3",0.4,"Affine-MovingChart-Wavelet-energy-prob",8,0.06,0.491367265469062,0,0,0.158750000000015,0.149999999997817,0.158750000000015,0.149999999997817,0.120000000000766,0.260499999999348,200
"M3",0.4,"Affine-MovingChart-Wavelet-energy-prob",16,0.065,0.449710578842315,0,0,0.198199999999974,0.1899999999996,0.198199999999974,0.1899999999996,0.170000000000073,0.26999999999955,200
"M3",0.4,"Affine-MovingChart-Wavelet-energy-prob",32,0.075,0.468552894211577,0,0,0.298000000000002,0.279999999999859,0.298000000000002,0.279999999999859,0.25,0.409999999999854,200
"M3",0.4,"Align-wavelet-max-affine",0,0.08,0.455369261477046,0,0,0.113749999999994,0.109999999998763,0.113749999999994,0.109999999998763,0.0899999999991906,0.152499999999644,200
"M3",0.4,"Align-xcorr-affine",0,0.075,0.44626746506986,0,0,0.714450000000019,0.680000000000291,0.714450000000019,0.680000000000291,0.639499999999884,0.860000000000582,200
"M3",0.4,"Base-RFF",0,0.415,0.13125748502994,0,0,0.102399999999951,0.0999999999985448,0.102399999999951,0.0999999999985448,0.0799999999999272,0.140000000000327,200
"M3",0.4,"Learned-Affine-GCNN-RFF",4,0.1,0.458283433133733,0.673249999999936,0.679999999998927,0.131149999999982,0.100000000000364,0.804399999999918,0.795000000000073,0.639999999999418,0.989999999999827,200
"M3",0.4,"Learned-Affine-GCNN-RFF",8,0.11,0.434870259481038,0.673249999999936,0.679999999998927,0.116150000000042,0.110000000000582,0.789399999999978,0.795000000000073,0.640000000001237,0.980000000000473,200
"M3",0.4,"Learned-Affine-GCNN-RFF",16,0.1,0.434570858283433,0.673249999999936,0.679999999998927,0.152599999999953,0.139999999999418,0.825849999999889,0.829999999998108,0.670000000000073,1.02999999999975,200
"M3",0.4,"Learned-Affine-GCNN-RFF",32,0.115,0.447045908183633,0.673249999999936,0.679999999998927,0.218900000000065,0.200000000000728,0.89215,0.889999999999418,0.73000000000045,1.10999999999967,200
"M3",0.6,"Affine-MovingChart-Wavelet-energy-prob",4,0.105,0.461187624750499,0,0,0.138050000000011,0.129999999999654,0.138050000000011,0.129999999999654,0.109999999999673,0.200499999999829,200
"M3",0.6,"Affine-MovingChart-Wavelet-energy-prob",8,0.115,0.412235528942116,0,0,0.154049999999947,0.144999999999527,0.154049999999947,0.144999999999527,0.119999999999891,0.210000000000036,200
"M3",0.6,"Affine-MovingChart-Wavelet-energy-prob",16,0.085,0.401327345309381,0,0,0.201999999999984,0.190000000000509,0.201999999999984,0.190000000000509,0.17,0.290499999999974,200
"M3",0.6,"Affine-MovingChart-Wavelet-energy-prob",32,0.065,0.389101796407186,0,0,0.291299999999938,0.279999999999859,0.291299999999938,0.279999999999859,0.25,0.380000000000109,200
"M3",0.6,"Align-wavelet-max-affine",0,0.075,0.442584830339321,0,0,0.107150000000013,0.104999999999563,0.107150000000013,0.104999999999563,0.089999999999236,0.139999999999873,200
"M3",0.6,"Align-xcorr-affine",0,0.125,0.332005988023952,0,0,0.705849999999961,0.679999999999836,0.705849999999961,0.679999999999836,0.639499999999884,0.860000000000582,200
"M3",0.6,"Base-RFF",0,0.415,0.149640718562874,0,0,0.103250000000034,0.0900000000001455,0.103250000000034,0.0900000000001455,0.070000000000158,0.152000000000088,200
"M3",0.6,"Learned-Affine-GCNN-RFF",4,0.08,0.424431137724551,0.713900000000066,0.660000000000309,0.133200000000026,0.100000000000364,0.847100000000092,0.790000000000873,0.639999999999958,0.980500000000438,200
"M3",0.6,"Learned-Affine-GCNN-RFF",8,0.11,0.355808383233533,0.713900000000066,0.660000000000309,0.114849999999993,0.110000000000127,0.828750000000059,0.770000000000437,0.640000000000327,0.979999999999609,200
"M3",0.6,"Learned-Affine-GCNN-RFF",16,0.115,0.349710578842315,0.713900000000066,0.660000000000309,0.151100000000063,0.139999999999873,0.865000000000128,0.804999999999836,0.670000000001892,1.02000000000044,200
"M3",0.6,"Learned-Affine-GCNN-RFF",32,0.105,0.355049900199601,0.713900000000066,0.660000000000309,0.222749999999907,0.200000000000045,0.936649999999973,0.875,0.730000000001292,1.10050000000033,200
"M3",0.8,"Affine-MovingChart-Wavelet-energy-prob",4,0.1,0.410548902195609,0,0,0.132900000000073,0.129999999999654,0.132900000000073,0.129999999999654,0.109999999999994,0.170000000000073,200
"M3",0.8,"Affine-MovingChart-Wavelet-energy-prob",8,0.105,0.368453093812375,0,0,0.157050000000057,0.149999999999636,0.157050000000057,0.149999999999636,0.119999999999999,0.210000000000082,200
"M3",0.8,"Affine-MovingChart-Wavelet-energy-prob",16,0.1,0.354670658682635,0,0,0.200950000000024,0.190000000000509,0.200950000000024,0.190000000000509,0.169999999999996,0.270500000000402,200
"M3",0.8,"Affine-MovingChart-Wavelet-energy-prob",32,0.105,0.317095808383234,0,0,0.296500000000038,0.2800000000002,0.296500000000038,0.2800000000002,0.25,0.400500000000079,200
"M3",0.8,"Align-wavelet-max-affine",0,0.11,0.365518962075848,0,0,0.1102,0.109999999998763,0.1102,0.109999999998763,0.0899999999983265,0.150499999999647,200
"M3",0.8,"Align-xcorr-affine",0,0.145,0.243822355289421,0,0,0.709749999999932,0.670000000000073,0.709749999999932,0.670000000000073,0.639999999999418,0.860000000000582,200
"M3",0.8,"Base-RFF",0,0.475,0.129940119760479,0,0,0.102600000000002,0.0900000000001455,0.102600000000002,0.0900000000001455,0.0799999999999272,0.140000000000327,200
"M3",0.8,"Learned-Affine-GCNN-RFF",4,0.135,0.32061876247505,0.675249999999975,0.674999999999727,0.135000000000063,0.100000000000364,0.810250000000038,0.799999999999642,0.649999999999636,0.980500000000438,200
"M3",0.8,"Learned-Affine-GCNN-RFF",8,0.2,0.280578842315369,0.675249999999975,0.674999999999727,0.116649999999881,0.109999999999673,0.791899999999855,0.780000000000655,0.640000000001237,1.00000000000005,200
"M3",0.8,"Learned-Affine-GCNN-RFF",16,0.22,0.276586826347305,0.675249999999975,0.674999999999727,0.152550000000047,0.139999999999873,0.827800000000022,0.8100000000004,0.680000000000291,1.04099999999994,200
"M3",0.8,"Learned-Affine-GCNN-RFF",32,0.235,0.263632734530938,0.675249999999975,0.674999999999727,0.219650000000011,0.199999999999818,0.894899999999986,0.880000000000564,0.739999999999736,1.1105000000005,200
"M3",1,"Affine-MovingChart-Wavelet-energy-prob",4,0.12,0.417265469061876,0,0,0.131149999999967,0.1299999999992,0.131149999999967,0.1299999999992,0.109999999999673,0.160000000000764,200
"M3",1,"Affine-MovingChart-Wavelet-energy-prob",8,0.08,0.372365269461078,0,0,0.150299999999876,0.140000000001237,0.150299999999876,0.140000000001237,0.119999999999891,0.199999999999818,200
"M3",1,"Affine-MovingChart-Wavelet-energy-prob",16,0.125,0.310239520958084,0,0,0.199399999999894,0.190000000000509,0.199399999999894,0.190000000000509,0.169999999999811,0.25050000000092,200
"M3",1,"Affine-MovingChart-Wavelet-energy-prob",32,0.125,0.304720558882236,0,0,0.293299999999924,0.279999999999745,0.293299999999924,0.279999999999745,0.25,0.389999999999873,200
"M3",1,"Align-wavelet-max-affine",0,0.135,0.353303393213573,0,0,0.11185000000007,0.109999999999673,0.11185000000007,0.109999999999673,0.0899999999999181,0.140500000000293,200
"M3",1,"Align-xcorr-affine",0,0.275,0.161117764471058,0,0,0.708449999999967,0.679999999998472,0.708449999999967,0.679999999998472,0.629999999999995,0.859999999999718,200
"M3",1,"Base-RFF",0,0.43,0.145928143712575,0,0,0.100400000000042,0.0900000000001455,0.100400000000042,0.0900000000001455,0.0699999999999903,0.139999999999463,200
"M3",1,"Learned-Affine-GCNN-RFF",4,0.26,0.264520958083832,0.667550000000014,0.670000000000073,0.137650000000006,0.100000000000364,0.80520000000002,0.805000000000291,0.649499999999659,0.989999999999782,200
"M3",1,"Learned-Affine-GCNN-RFF",8,0.305,0.214101796407186,0.667550000000014,0.670000000000073,0.113150000000012,0.110000000000014,0.780700000000026,0.779999999999291,0.640000000000327,0.980000000000473,200
"M3",1,"Learned-Affine-GCNN-RFF",16,0.335,0.192554890219561,0.667550000000014,0.670000000000073,0.149299999999981,0.139999999999418,0.816849999999995,0.819999999998345,0.670000000000937,1.02999999999977,200
"M3",1,"Learned-Affine-GCNN-RFF",32,0.36,0.192185628742515,0.667550000000014,0.670000000000073,0.221049999999968,0.200000000000728,0.888599999999981,0.879999999999654,0.739999999999782,1.11000000000015,200
"M4",0,"Affine-MovingChart-Wavelet-energy-prob",4,0.015,0.505718562874252,0,0,0.133099999999997,0.1299999999992,0.133099999999997,0.1299999999992,0.109999999999889,0.170000000000073,200
"M4",0,"Affine-MovingChart-Wavelet-energy-prob",8,0.065,0.466806387225549,0,0,0.157150000000084,0.149999999998272,0.157150000000084,0.149999999998272,0.119999999999999,0.26100000000024,200
"M4",0,"Affine-MovingChart-Wavelet-energy-prob",16,0.055,0.471097804391218,0,0,0.199900000000019,0.190000000000509,0.199900000000019,0.190000000000509,0.169999999998254,0.259999999999354,200
"M4",0,"Affine-MovingChart-Wavelet-energy-prob",32,0.075,0.467275449101796,0,0,0.298149999999993,0.2800000000002,0.298149999999993,0.2800000000002,0.25,0.420500000000948,200
"M4",0,"Align-wavelet-max-affine",0,0.015,0.545099800399202,0,0,0.113600000000026,0.109999999998763,0.113600000000026,0.109999999998763,0.0899999999991906,0.191500000000053,200
"M4",0,"Align-xcorr-affine",0,0.055,0.483592814371258,0,0,0.699449999999951,0.670000000000073,0.699449999999951,0.670000000000073,0.630000000000109,0.849999999999477,200
"M4",0,"Base-RFF",0,0.345,0.187315369261477,0,0,0.104549999999965,0.0900000000001455,0.104549999999965,0.0900000000001455,0.0799999999999272,0.22050000000022,200
"M4",0,"Learned-Affine-GCNN-RFF",4,0.065,0.475379241516966,0.662999999999991,0.670000000000073,0.136150000000036,0.100000000000364,0.799150000000028,0.790000000000873,0.640000000000282,0.989999999999782,200
"M4",0,"Learned-Affine-GCNN-RFF",8,0.04,0.484461077844311,0.662999999999991,0.670000000000073,0.115549999999997,0.110000000000127,0.778549999999989,0.779999999999291,0.640000000001191,0.989999999999804,200
"M4",0,"Learned-Affine-GCNN-RFF",16,0.055,0.507904191616766,0.662999999999991,0.670000000000073,0.14969999999998,0.139999999999418,0.812699999999972,0.8100000000004,0.670000000000073,1.02999999999977,200
"M4",0,"Learned-Affine-GCNN-RFF",32,0.045,0.49439121756487,0.662999999999991,0.670000000000073,0.220400000000023,0.199999999999932,0.883400000000015,0.8700000000008,0.730000000001292,1.10999999999967,200
"M4",0.2,"Affine-MovingChart-Wavelet-energy-prob",4,0.03,0.512075848303393,0,0,0.131949999999952,0.1299999999992,0.131949999999952,0.1299999999992,0.1099999999999,0.170000000000073,200
"M4",0.2,"Affine-MovingChart-Wavelet-energy-prob",8,0.055,0.507465069860279,0,0,0.154150000000055,0.149999999999636,0.154150000000055,0.149999999999636,0.119999999999891,0.199999999999864,200
"M4",0.2,"Affine-MovingChart-Wavelet-energy-prob",16,0.035,0.49188622754491,0,0,0.203449999999984,0.190000000000509,0.203449999999984,0.190000000000509,0.169999999999845,0.329999999998199,200
"M4",0.2,"Affine-MovingChart-Wavelet-energy-prob",32,0.075,0.497584830339321,0,0,0.300899999999965,0.280000000000655,0.300899999999965,0.280000000000655,0.259999999999309,0.44050000000052,200
"M4",0.2,"Align-wavelet-max-affine",0,0.04,0.498932135728543,0,0,0.114199999999961,0.109999999998763,0.114199999999961,0.109999999998763,0.089999999999668,0.200000000000057,200
"M4",0.2,"Align-xcorr-affine",0,0.045,0.499241516966068,0,0,0.704850000000039,0.680000000000291,0.704850000000039,0.680000000000291,0.630000000000109,0.86000000000015,200
"M4",0.2,"Base-RFF",0,0.33,0.229091816367265,0,0,0.0994499999999837,0.0900000000001455,0.0994499999999837,0.0900000000001455,0.0799999999999272,0.130000000000109,200
"M4",0.2,"Learned-Affine-GCNN-RFF",4,0.065,0.48437125748503,0.670150000000024,0.674999999999727,0.135149999999946,0.100000000000364,0.80529999999997,0.800000000000637,0.649999999999636,1.09000000000015,200
"M4",0.2,"Learned-Affine-GCNN-RFF",8,0.085,0.493353293413174,0.670150000000024,0.674999999999727,0.11595000000004,0.110000000000582,0.786100000000065,0.789999999999964,0.640000000000327,0.989999999999782,200
"M4",0.2,"Learned-Affine-GCNN-RFF",16,0.075,0.505379241516966,0.670150000000024,0.674999999999727,0.147999999999985,0.139999999999645,0.818150000000009,0.815000000000055,0.679999999999336,1.03999999999905,200
"M4",0.2,"Learned-Affine-GCNN-RFF",32,0.06,0.498213572854291,0.670150000000024,0.674999999999727,0.221999999999971,0.200000000000728,0.892149999999995,0.890000000000214,0.730000000001382,1.10000000000036,200
"M4",0.4,"Affine-MovingChart-Wavelet-energy-prob",4,0.06,0.503243512974052,0,0,0.132400000000027,0.1299999999992,0.132400000000027,0.1299999999992,0.1099999999999,0.170000000000073,200
"M4",0.4,"Affine-MovingChart-Wavelet-energy-prob",8,0.04,0.487065868263473,0,0,0.151950000000069,0.149999999999636,0.151950000000069,0.149999999999636,0.119999999999999,0.199999999999864,200
"M4",0.4,"Affine-MovingChart-Wavelet-energy-prob",16,0.065,0.477944111776447,0,0,0.199950000000031,0.190000000000509,0.199950000000031,0.190000000000509,0.170000000000073,0.270000000000437,200
"M4",0.4,"Affine-MovingChart-Wavelet-energy-prob",32,0.05,0.501986027944112,0,0,0.296500000000062,0.280000000000086,0.296500000000062,0.280000000000086,0.25,0.410499999999865,200
"M4",0.4,"Align-wavelet-max-affine",0,0.06,0.461197604790419,0,0,0.112849999999923,0.109999999998763,0.112849999999923,0.109999999998763,0.089999999999236,0.160999999999831,200
"M4",0.4,"Align-xcorr-affine",0,0.055,0.486656686626746,0,0,0.705300000000035,0.670000000000073,0.705300000000035,0.670000000000073,0.639999999999418,0.860000000000582,200
"M4",0.4,"Base-RFF",0,0.315,0.255938123752495,0,0,0.102099999999962,0.0900000000001455,0.102099999999962,0.0900000000001455,0.0799999999999272,0.142000000000308,200
"M4",0.4,"Learned-Affine-GCNN-RFF",4,0.045,0.504051896207585,0.674699999999929,0.679999999999836,0.138700000000024,0.109999999998763,0.813399999999953,0.809999999999491,0.659999999999854,0.979999999999609,200
"M4",0.4,"Learned-Affine-GCNN-RFF",8,0.06,0.494441117764471,0.674699999999929,0.679999999999836,0.112949999999916,0.1099999999999,0.787649999999844,0.780000000000655,0.649999999999636,0.979999999999563,200
"M4",0.4,"Learned-Affine-GCNN-RFF",16,0.045,0.45377245508982,0.674699999999929,0.679999999999836,0.148100000000028,0.139999999999873,0.822799999999957,0.819999999999709,0.680000000000246,1.02999999999975,200
"M4",0.4,"Learned-Affine-GCNN-RFF",32,0.05,0.473652694610778,0.674699999999929,0.679999999999836,0.221400000000002,0.2000000000005,0.896099999999931,0.889999999999418,0.739999999999782,1.10999999999972,200
"M4",0.6,"Affine-MovingChart-Wavelet-energy-prob",4,0.09,0.459421157684631,0,0,0.13244999999997,0.1299999999992,0.13244999999997,0.1299999999992,0.109999999999673,0.170500000000038,200
"M4",0.6,"Affine-MovingChart-Wavelet-energy-prob",8,0.07,0.448792415169661,0,0,0.15364999999988,0.149999999997817,0.15364999999988,0.149999999997817,0.119999999999891,0.200000000000728,200
"M4",0.6,"Affine-MovingChart-Wavelet-energy-prob",16,0.06,0.438293413173653,0,0,0.202449999999948,0.190000000000055,0.202449999999948,0.190000000000055,0.169999999999959,0.301000000000203,200
"M4",0.6,"Affine-MovingChart-Wavelet-energy-prob",32,0.08,0.432974051896208,0,0,0.300149999999974,0.280000000000427,0.300149999999974,0.280000000000427,0.25,0.430000000000291,200
"M4",0.6,"Align-wavelet-max-affine",0,0.08,0.431337325349301,0,0,0.110050000000048,0.100000000000364,0.110050000000048,0.100000000000364,0.089999999999236,0.149999999999636,200
"M4",0.6,"Align-xcorr-affine",0,0.08,0.431117764471058,0,0,0.707849999999995,0.670000000000073,0.707849999999995,0.670000000000073,0.630000000000103,0.870499999999902,200
"M4",0.6,"Base-RFF",0,0.375,0.184670658682635,0,0,0.10290000000001,0.0900000000001455,0.10290000000001,0.0900000000001455,0.070000000000158,0.161999999999852,200
"M4",0.6,"Learned-Affine-GCNN-RFF",4,0.07,0.459071856287425,0.669399999999932,0.670000000000073,0.135950000000025,0.100000000000364,0.805349999999957,0.799999999999272,0.649999999999636,0.981000000001313,200
"M4",0.6,"Learned-Affine-GCNN-RFF",8,0.085,0.431147704590818,0.669399999999932,0.670000000000073,0.115599999999995,0.110000000000127,0.784999999999927,0.779999999999859,0.649999999999636,0.989999999998963,200
"M4",0.6,"Learned-Affine-GCNN-RFF",16,0.065,0.428782435129741,0.669399999999932,0.670000000000073,0.148849999999995,0.139999999999418,0.818249999999926,0.809999999999491,0.679499999998598,1.02999999999975,200
"M4",0.6,"Learned-Affine-GCNN-RFF",32,0.07,0.437285429141717,0.669399999999932,0.670000000000073,0.226100000000021,0.199999999999875,0.895499999999953,0.890000000000327,0.739499999998134,1.1105000000005,200
"M4",0.8,"Affine-MovingChart-Wavelet-energy-prob",4,0.05,0.473922155688623,0,0,0.131949999999983,0.1299999999992,0.131949999999983,0.1299999999992,0.109999999999673,0.170000000000073,200
"M4",0.8,"Affine-MovingChart-Wavelet-energy-prob",8,0.03,0.450538922155689,0,0,0.154250000000106,0.140000000001237,0.154250000000106,0.140000000001237,0.119999999999891,0.209999999999604,200
"M4",0.8,"Affine-MovingChart-Wavelet-energy-prob",16,0.095,0.442155688622755,0,0,0.201700000000061,0.190000000000509,0.201700000000061,0.190000000000509,0.169999999999595,0.270500000000413,200
"M4",0.8,"Affine-MovingChart-Wavelet-energy-prob",32,0.05,0.438473053892216,0,0,0.294900000000035,0.280000000000655,0.294900000000035,0.280000000000655,0.25,0.380500000000961,200
"M4",0.8,"Align-wavelet-max-affine",0,0.075,0.447385229540918,0,0,0.109449999999996,0.109999999998763,0.109449999999996,0.109999999998763,0.089999999999668,0.140000000000327,200
"M4",0.8,"Align-xcorr-affine",0,0.105,0.439820359281437,0,0,0.703599999999985,0.670000000000073,0.703599999999985,0.670000000000073,0.639999999999873,0.859999999999673,200
"M4",0.8,"Base-RFF",0,0.325,0.219451097804391,0,0,0.107350000000028,0.0999999999989996,0.107350000000028,0.0999999999989996,0.0799999999999272,0.202000000000077,200
"M4",0.8,"Learned-Affine-GCNN-RFF",4,0.095,0.469091816367265,0.669199999999993,0.669999999999845,0.13830000000001,0.109999999999218,0.807500000000002,0.800000000001091,0.649999999999636,0.979999999999586,200
"M4",0.8,"Learned-Affine-GCNN-RFF",8,0.055,0.470399201596806,0.669199999999993,0.669999999999845,0.116000000000001,0.110000000000127,0.785199999999993,0.774999999999636,0.649499999997943,0.989999999998963,200
"M4",0.8,"Learned-Affine-GCNN-RFF",16,0.08,0.460069860279441,0.669199999999993,0.669999999999845,0.148250000000053,0.139999999999873,0.817450000000045,0.814999999999145,0.679999999998472,1.02050000000042,200
"M4",0.8,"Learned-Affine-GCNN-RFF",32,0.07,0.445059880239521,0.669199999999993,0.669999999999845,0.223449999999948,0.200000000000045,0.892649999999941,0.889999999999418,0.739999999999782,1.1299999999992,200
"M4",1,"Affine-MovingChart-Wavelet-energy-prob",4,0.1,0.466287425149701,0,0,0.134699999999978,0.1299999999992,0.134699999999978,0.1299999999992,0.109999999999673,0.189999999999623,200
"M4",1,"Affine-MovingChart-Wavelet-energy-prob",8,0.085,0.441816367265469,0,0,0.152750000000016,0.149999999999636,0.152750000000016,0.149999999999636,0.120000000000005,0.199999999999818,200
"M4",1,"Affine-MovingChart-Wavelet-energy-prob",16,0.065,0.43937125748503,0,0,0.200799999999963,0.190000000000509,0.200799999999963,0.190000000000509,0.169499999999221,0.279999999999973,200
"M4",1,"Affine-MovingChart-Wavelet-energy-prob",32,0.07,0.437385229540918,0,0,0.298350000000025,0.280000000000655,0.298350000000025,0.280000000000655,0.25,0.429999999998563,200
"M4",1,"Align-wavelet-max-affine",0,0.075,0.460878243512974,0,0,0.110100000000002,0.109999999998763,0.110100000000002,0.109999999998763,0.0899999999999181,0.140000000000327,200
"M4",1,"Align-xcorr-affine",0,0.105,0.421107784431138,0,0,0.703449999999992,0.670000000000073,0.703449999999992,0.670000000000073,0.629999999999995,0.850000000000364,200
"M4",1,"Base-RFF",0,0.33,0.231656686626747,0,0,0.105699999999973,0.0999999999994543,0.105699999999973,0.0999999999994543,0.0799999999999272,0.182499999999984,200
"M4",1,"Learned-Affine-GCNN-RFF",4,0.11,0.440039920159681,0.657300000000008,0.659999999999854,0.143750000000006,0.100000000000364,0.801050000000014,0.799999999999272,0.630000000000064,1.07050000000016,200
"M4",1,"Learned-Affine-GCNN-RFF",8,0.085,0.427914171656687,0.657300000000008,0.659999999999854,0.113649999999993,0.1099999999999,0.770950000000002,0.764999999999418,0.640000000000327,0.990500000000611,200
"M4",1,"Learned-Affine-GCNN-RFF",16,0.085,0.43810379241517,0.657300000000008,0.659999999999854,0.150700000000032,0.139999999999873,0.80800000000004,0.799999999999727,0.660000000000298,1.03999999999996,200
"M4",1,"Learned-Affine-GCNN-RFF",32,0.075,0.440518962075848,0.657300000000008,0.659999999999854,0.219100000000001,0.200000000000045,0.876400000000009,0.859999999999673,0.72949999999787,1.11999999999903,200
